mauris.Integer.sem@miac.org|OIX33AAR6PU
placerat.augue@et.net|IHB46JZZ9ZT
Quisque.porttitor.eros@facilisislorem.org|XRW69HPC7ZR
purus.sapien.gravida@ligulaNullamenim.org|AKY45AQL9BG
pretium@arcuCurabiturut.co.uk|NAW94HMM9DU
ullamcorper@fermentum.edu|SFZ70LQF0WX
enim@Phasellusornare.co.uk|NVY45URQ2LJ
nibh.vulputate@Integer.ca|RUP96XLK7HO
Nullam@interdum.co.uk|GQS45ICQ4MZ
tristique@loremsemper.edu|XTF35BSH7XG
in.magna.Phasellus@luctuslobortis.ca|BIY84GNY4PS
mattis.velit.justo@rutrum.net|PFB04ZQL6IO
et@risus.co.uk|HSA23KFD7FL
a.scelerisque@arcuac.ca|EZI77HNN4OF
magna@vehicularisus.org|BEJ55HVN6BM
non.cursus@adipiscingelitAliquam.co.uk|YAQ16CIF3RL
consequat@scelerisquemollis.edu|BCF11QSU2DI
lectus@nuncinterdum.ca|LIW60NKY8RN
at.velit@massa.net|ODR04CFY2AF
sed.sapien@orciluctuset.co.uk|ONL98MVW3KY
sapien.molestie.orci@vulputatelacus.co.uk|KWY74ZRA3NT
magna.Ut@utaliquam.edu|IOQ83KGM0VK
accumsan@Nuncsedorci.edu|UZH84YQQ4DL
in.sodales@ligulaAeneangravida.com|XYX74AJT4TF
cursus.purus@consequatdolorvitae.net|IDQ37ZQM7RP
Sed@lectuspedeultrices.co.uk|PDN84BAL8HC
dignissim.tempor.arcu@Integervulputate.net|YEC46YWG0BE
ante.dictum.mi@Aliquameratvolutpat.net|LIX22HQB4DY
dictum.augue@mollisDuissit.co.uk|XOE49DNQ4LD
risus@euelit.ca|ELV65KNU8AR
mollis@Aenean.net|IIB42KLJ3WV
adipiscing@sit.com|OEB93IHY7ED
egestas.Aliquam.nec@diamSed.org|AOF78CSE5YG
non.nisi@mi.net|XOP75RZV8HU
vulputate@tristiquepharetra.ca|HNT69JZU9NP
nisi.Mauris@Duis.ca|EHQ33RGC5PS
vestibulum@felispurus.edu|IMS93ZPD5QU
eget.tincidunt@nequenon.com|ADR26WZM1JG
enim.mi.tempor@Crasdictum.org|SCP87SKH7RG
molestie@ligulaAliquam.co.uk|GPG72TTB3NN
dis@Proin.co.uk|OXO85EPR3EQ
tristique.pellentesque.tellus@metusfacilisis.ca|OSU13QKT3TD
in.dolor@egestas.com|GON50HYO1PR
euismod.et@tristique.co.uk|CUW95UFT0SQ
pharetra.sed@maurisMorbi.org|XMZ57HTW5GR
erat.eget@Phasellusfermentumconvallis.edu|IUT12JOX1NF
feugiat@elit.edu|WZP54DLP5OW
dui@utlacusNulla.edu|UCU52QOR8QV
nec.ante@iaculisquis.ca|OOS69OGJ4RI
Donec@Quisqueimperdieterat.net|RBZ90QNA2MC
Mauris.blandit@augueutlacus.com|JRK26ZAG4NG
nisi@egestas.org|YTH16WQU4ND
congue.In@vestibulumneceuismod.co.uk|XUH28ZAH3BV
nascetur.ridiculus.mus@fringilla.edu|IQS57ZAW9DI
a.neque@interdum.edu|JYG67UVU9IG
turpis@nuncInat.edu|ZFD96MQC6KV
lobortis.tellus.justo@Maecenasornare.co.uk|IQH99UCP6EF
molestie@placeratCrasdictum.ca|EVJ00OGM0SX
massa.Integer@Nullafacilisi.com|OWS17UKG6WZ
urna.suscipit@cursuset.net|OTN19LNR6YF
diam@luctus.org|MKZ94IBW7DQ
sagittis@aliquetodio.org|JXZ40TYT1YJ
porta.elit.a@odioa.co.uk|YYS73CRW9EH
nibh.dolor.nonummy@ullamcorperDuis.org|IDQ08AGK9GJ
non@porttitorerosnec.ca|WIX25VXJ9VZ
tellus.non@congueaaliquet.com|ZPF40WLH8QM
Vivamus.rhoncus@antelectusconvallis.co.uk|DPV75SUR5DM
at.velit.Pellentesque@elitEtiam.ca|AJV26HER7BT
eros.Proin.ultrices@litora.com|DDE47NGL1ID
dignissim.pharetra.Nam@necmalesuadaut.org|MFM71PUY5HW
ad.litora@dignissim.org|LXB55BTR5YW
odio.Nam.interdum@Maecenas.net|LZP74DNZ2JM
libero.est@sagittis.org|AOI18VPI4JR
mi.Duis.risus@et.edu|FWM84XDI5MH
nisl@Suspendisse.net|XBA98PTQ1ML
nisi@nibhDonec.org|FLJ16WTS5WY
molestie.Sed@elementumdui.edu|NMN85OIU2AX
Donec.non.justo@ametorciUt.net|GMW62CKC7CO
ornare.egestas.ligula@sit.org|MKP83GXJ8WA
ullamcorper@cubiliaCuraePhasellus.edu|RXQ19LBO4KK
Donec.nibh.Quisque@velpedeblandit.net|XBU67IXR2JI
non@egettincidunt.net|EJS11DZS6PV
Pellentesque.ultricies@Phasellus.net|QYG29YFU4AK
nec@cursus.ca|CUN13NZY9JW
ante@Sedpharetra.org|UKR77YBO6CI
pede@malesuadamalesuadaInteger.ca|CPN44LOS2GS
torquent.per@in.ca|CUM19KQL1FE
libero.nec@mitempor.edu|TOY48SNZ2HT
porttitor@cursusinhendrerit.com|VEK18BOI0YL
volutpat.Nulla.dignissim@pharetra.org|EDV60ATJ9FX
risus.at.fringilla@etnetus.org|HGO53ZWJ4AB
eu@CraspellentesqueSed.co.uk|ZJE51DHV2YW
ac.feugiat@sociisnatoquepenatibus.edu|HGN58PQX6NB
sociis@cursuset.edu|TVP54TQY0NX
vitae.nibh@ipsum.com|AWJ82PZA3IN
at.arcu.Vestibulum@ipsum.ca|AGU56NLU2FP
Nullam.vitae.diam@ligula.com|VLC11XCD5KH
a.felis.ullamcorper@id.com|QOW67MQL1NW
nec.ligula.consectetuer@eget.ca|FLT24ZKA6DK
felis.purus.ac@acmattisornare.com|REO93YDC3YQ